[
[
   [
      null,
      null,
      null,
      null
   ],
   [
      null,
      {
         "activity": {
            "activity_type": null
         },
         "edges": {
            "Bottom": "Dashed",
            "Left": "Solid",
            "Right": "Solid",
            "Top": "Dashed"
         },
         "patch_type": "Qubit",
         "text": "Id: 0"
      },
      {
         "activity": {
            "activity_type": "Measurement"
         },
         "edges": {
            "Bottom": "Dashed",
            "Left": "Solid",
            "Right": "Solid",
            "Top": "Dashed"
         },
         "patch_type": "Qubit",
         "text": "Id: 999"
      },
      null
   ],
   [
      null,
      null,
      null,
      null
   ]
],
[
   [
      null,
      null,
      null,
      null
   ],
   [
      null,
      {
         "activity": {
            "activity_type": null
         },
         "edges": {
            "Bottom": "Dashed",
            "Left": "Solid",
            "Right": "Solid",
            "Top": "Dashed"
         },
         "patch_type": "Qubit",
         "text": "Id: 0"
      },
      {
         "activity": {
            "activity_type": "Measurement"
         },
         "edges": {
            "Bottom": "Dashed",
            "Left": "Solid",
            "Right": "Solid",
            "Top": "Dashed"
         },
         "patch_type": "Qubit",
         "text": "Id: 1000"
      },
      null
   ],
   [
      null,
      null,
      null,
      null
   ]
],
[
   [
      {
         "activity": {
            "activity_type": null
         },
         "edges": {
            "Bottom": "AncillaJoin",
            "Left": "None",
            "Right": "AncillaJoin",
            "Top": "None"
         },
         "patch_type": "Ancilla",
         "text": ""
      },
      {
         "activity": {
            "activity_type": null
         },
         "edges": {
            "Bottom": "None",
            "Left": "AncillaJoin",
            "Right": "AncillaJoin",
            "Top": "None"
         },
         "patch_type": "Ancilla",
         "text": ""
      },
      {
         "activity": {
            "activity_type": null
         },
         "edges": {
            "Bottom": "AncillaJoin",
            "Left": "AncillaJoin",
            "Right": "None",
            "Top": "None"
         },
         "patch_type": "Ancilla",
         "text": ""
      },
      null
   ],
   [
      {
         "activity": {
            "activity_type": null
         },
         "edges": {
            "Bottom": "None",
            "Left": "None",
            "Right": "AncillaJoin",
            "Top": "AncillaJoin"
         },
         "patch_type": "Ancilla",
         "text": ""
      },
      {
         "activity": {
            "activity_type": null
         },
         "edges": {
            "Bottom": "Dashed",
            "Left": "SolidStiched",
            "Right": "Solid",
            "Top": "Dashed"
         },
         "patch_type": "Qubit",
         "text": "Id: 0"
      },
      {
         "activity": {
            "activity_type": null
         },
         "edges": {
            "Bottom": "Dashed",
            "Left": "Solid",
            "Right": "Solid",
            "Top": "DashedStiched"
         },
         "patch_type": "Qubit",
         "text": "Id: 1001"
      },
      null
   ],
   [
      null,
      null,
      null,
      null
   ]
]]
