[
   [
      [
         {
            "activity": {
               "activity_type": null
            },
            "edges": {
               "Bottom": "Solid",
               "Left": "Dashed",
               "Right": "Dashed",
               "Top": "Solid"
            },
            "patch_type": "DistillationQubit",
            "text": "|m>"
         },
         null,
         {
            "activity": {
               "activity_type": null
            },
            "edges": {
               "Bottom": "Dashed",
               "Left": "Solid",
               "Right": "Solid",
               "Top": "Dashed"
            },
            "patch_type": "Qubit",
            "text": "|0>"
         }
      ],
      [
         null,
         null,
         null
      ]
   ],
   [
      [
         {
            "activity": {
               "activity_type": null
            },
            "edges": {
               "Bottom": "Solid",
               "Left": "Dashed",
               "Right": "DashedStiched",
               "Top": "Solid"
            },
            "patch_type": "DistillationQubit",
            "text": "Entangled"
         },
         {
            "activity": {},
            "edges": {
               "Bottom": "None",
               "Left": "AncillaJoin",
               "Right": "AncillaJoin",
               "Top": "None"
            },
            "patch_type": "Ancilla"
         },
         {
            "activity": {
               "activity_type": null
            },
            "edges": {
               "Bottom": "Dashed",
               "Left": "SolidStiched",
               "Right": "Solid",
               "Top": "Dashed"
            },
            "patch_type": "Qubit",
            "text": "Entangled"
         }
      ],
      [
         null,
         null,
         null
      ]
   ],
   [
      [
         {
            "activity": {
               "activity_type": "Measurement"
            },
            "edges": {
               "Bottom": "Solid",
               "Left": "Dashed",
               "Right": "Dashed",
               "Top": "Solid"
            },
            "patch_type": "DistillationQubit",
            "text": "Outcome: +1"
         },
         null,
         {
            "activity": {
               "activity_type": null
            },
            "edges": {
               "Bottom": "Dashed",
               "Left": "Solid",
               "Right": "Solid",
               "Top": "Dashed"
            },
            "patch_type": "Qubit",
            "text": "|m>"
         }
      ],
      [
         null,
         null,
         null
      ]
   ]
]
